{"m0": {"np_mid": 2580.0, "np_ini": 2910.0, "pp_ini": 3000.0, "pp_mid": 3420.0, "nt_end": -1500.0, "nt_mid": -366.0, "pt_mid": 450.0, "pt_end": 1500.0, "name": "m0", "num": 0}, "m1": {"np_mid": 2580.0, "np_ini": 2910.0, "pp_ini": 3000.0, "pp_mid": 3395.0, "nt_end": -1500.0, "nt_mid": -366.0, "pt_mid": 450.0, "pt_end": 1500.0, "name": "m1", "num": 1}, "m2": {"np_mid": 2580.0, "np_ini": 2910.0, "pp_ini": 3000.0, "pp_mid": 3420.0, "nt_end": -1500.0, "nt_mid": -366.0, "pt_mid": 450.0, "pt_end": 1500.0, "name": "m2", "num": 2}, "m3": {"np_mid": 2580.0, "np_ini": 2910.0, "pp_ini": 3000.0, "pp_mid": 3420.0, "nt_end": -1500.0, "nt_mid": -366.0, "pt_mid": 450.0, "pt_end": 1500.0, "name": "m3", "num": 3}, "m4": {"np_mid": 2522.199951171875, "np_ini": 2910.0, "pp_ini": 3023.0, "pp_mid": 3290.0, "nt_end": -1500.0, "nt_mid": -366.0, "pt_mid": 450.0, "pt_end": 1500.0, "name": "m4", "num": 4}, "m5": {"np_mid": 2522.199951171875, "np_ini": 2910.0, "pp_ini": 3000.0, "pp_mid": 3320.0, "nt_end": -1500.0, "nt_mid": -366.0, "pt_mid": 450.0, "pt_end": 1500.0, "name": "m5", "num": 5}}